{"train_losses": [1.4482592121068585, 1.3234998898779273, 1.298623888242819, 1.285748120851985, 1.2777526116809805, 1.2724851174731295, 1.2687491197409573, 1.266030587980892, 1.2636700687973477, 1.261909364764721], "val_perplexities": [5.444885895097477, 5.544234384530168, 5.632076486947107, 5.7490889529503, 5.829066816496713, 5.831224524634591, 5.862986636492446, 5.9355092996187935, 5.951897861454771, 5.972367610741929]}